{
  "Current Month": {
    "auc": 0.8730871401191529,
    "impact": 0.03783708775753891,
    "n_features": 7
  },
  "Recent 3 Months": {
    "auc": 0.8769049826154178,
    "impact": 0.03401924526127398,
    "n_features": 13
  },
  "Dialog": {
    "auc": 0.9145962834042103,
    "impact": -0.0036720555275184807,
    "n_features": 13
  },
  "Geo": {
    "auc": 0.9113971927070531,
    "impact": -0.0004729648303612999,
    "n_features": 16
  },
  "Advanced Time-Series": {
    "auc": 0.9003732968661441,
    "impact": 0.010550931010547715,
    "n_features": 22
  }
}