n_features,train_auc,test_auc,test_f1,test_precision,test_recall,optimal_threshold
62,0.9439110598179565,0.913924624111008,0.5794714197910265,0.4936125654450262,0.7014880952380952,0.736001407057609
